<?xml version="1.0" encoding="UTF-8"?>
<GenRun Id="impl_1" LaunchPart="xc7z020clg400-1" LaunchTime="1673013203">
  <File Type="PA-TCL" Name="neural_network.tcl"/>
  <File Type="REPORTS-TCL" Name="neural_network_reports.tcl"/>
  <File Type="BITSTR-MSK" Name="neural_network.msk"/>
  <File Type="RDI-RDI" Name="neural_network.vdi"/>
  <File Type="BG-BIT" Name="neural_network.bit"/>
  <File Type="BG-DRC" Name="neural_network.drc"/>
  <File Type="BG-BGN" Name="neural_network.bgn"/>
  <File Type="BG-BIN" Name="neural_network.bin"/>
  <File Type="BITSTR-RBT" Name="neural_network.rbt"/>
  <File Type="BITSTR-NKY" Name="neural_network.nky"/>
  <File Type="BITSTR-BMM" Name="neural_network_bd.bmm"/>
  <File Type="BITSTR-MMI" Name="neural_network.mmi"/>
  <File Type="BITSTR-SYSDEF" Name="neural_network.sysdef"/>
  <File Type="BITSTR-LTX" Name="debug_nets.ltx"/>
  <File Type="BITSTR-LTX" Name="neural_network.ltx"/>
  <File Type="WBT-USG" Name="usage_statistics_webtalk.html"/>
  <File Type="OPT-HWDEF" Name="neural_network.hwdef"/>
  <File Type="ROUTE-RQS-RPT" Name="route_report_qor_suggestions_0.rpt"/>
  <File Type="PLACE-PRE-SIMILARITY" Name="neural_network_incremental_reuse_pre_placed.rpt"/>
  <File Type="ROUTE-DCP" Name="neural_network_routed.dcp"/>
  <File Type="ROUTE-ERROR-DCP" Name="neural_network_routed_error.dcp"/>
  <File Type="ROUTE-BLACKBOX-DCP" Name="neural_network_routed_bb.dcp"/>
  <File Type="ROUTE-TIMING-PB" Name="neural_network_timing_summary_routed.pb"/>
  <File Type="OPT-DCP" Name="neural_network_opt.dcp"/>
  <File Type="PLACE-DCP" Name="neural_network_placed.dcp"/>
  <File Type="PWROPT-DCP" Name="neural_network_pwropt.dcp"/>
  <File Type="POSTPLACE-PWROPT-DCP" Name="neural_network_postplace_pwropt.dcp"/>
  <File Type="PHYSOPT-DCP" Name="neural_network_physopt.dcp"/>
  <File Type="POSTROUTE-PHYSOPT-DCP" Name="neural_network_postroute_physopt.dcp"/>
  <File Type="POSTROUTE-PHYSOPT-BLACKBOX-DCP" Name="neural_network_postroute_physopt_bb.dcp"/>
  <File Type="PDI-FILE" Name="neural_network.pdi"/>
  <File Type="RCFI_FILE" Name="neural_network.rcfi"/>
  <File Type="CFI_FILE" Name="neural_network.cfi"/>
  <File Type="RNPI_FILE" Name="neural_network.rnpi"/>
  <File Type="NPI_FILE" Name="neural_network.npi"/>
  <File Type="RBD_FILE" Name="neural_network.rbd"/>
  <File Type="ROUTE-RQS" Name="neural_network_routed.rqs"/>
  <File Type="POSTROUTE-PHYSOPT-RQS" Name="neural_network_postroute_physopted.rqs"/>
  <File Type="POSTROUTE-PHYSOPT-RQS-RPT" Name="postroute_physopt_report_qor_suggestions_0.rpt"/>
  <FileSet Name="sources" Type="DesignSrcs" RelSrcDir="$PSRCDIR/sources_1" RelGenDir="$PGENDIR/sources_1">
    <Filter Type="Srcs"/>
    <File Path="$PSRCDIR/sources_1/new/avg_pooling.v">
      <FileInfo SFType="SVerilog">
        <Attr Name="UsedIn" Val="synthesis"/>
        <Attr Name="UsedIn" Val="implementation"/>
        <Attr Name="UsedIn" Val="simulation"/>
      </FileInfo>
    </File>
    <File Path="$PSRCDIR/sources_1/new/neural_network.v">
      <FileInfo SFType="SVerilog">
        <Attr Name="UsedIn" Val="synthesis"/>
        <Attr Name="UsedIn" Val="implementation"/>
        <Attr Name="UsedIn" Val="simulation"/>
      </FileInfo>
    </File>
    <File Path="$PSRCDIR/sources_1/new/neuron.v">
      <FileInfo SFType="SVerilog">
        <Attr Name="UsedIn" Val="synthesis"/>
        <Attr Name="UsedIn" Val="implementation"/>
        <Attr Name="UsedIn" Val="simulation"/>
      </FileInfo>
    </File>
    <File Path="$PSRCDIR/sources_1/new/test.sv">
      <FileInfo>
        <Attr Name="UsedIn" Val="synthesis"/>
        <Attr Name="UsedIn" Val="implementation"/>
        <Attr Name="UsedIn" Val="simulation"/>
      </FileInfo>
    </File>
    <File Path="$PSRCDIR/sources_1/new/dense1_tb.sv">
      <FileInfo>
        <Attr Name="UsedIn" Val="synthesis"/>
        <Attr Name="UsedIn" Val="implementation"/>
        <Attr Name="UsedIn" Val="simulation"/>
      </FileInfo>
    </File>
    <File Path="$PSRCDIR/sources_1/new/relu.v">
      <FileInfo>
        <Attr Name="UsedIn" Val="synthesis"/>
        <Attr Name="UsedIn" Val="implementation"/>
        <Attr Name="UsedIn" Val="simulation"/>
      </FileInfo>
    </File>
    <File Path="$PSRCDIR/sources_1/new/dense_layer1.sv">
      <FileInfo>
        <Attr Name="UsedIn" Val="synthesis"/>
        <Attr Name="UsedIn" Val="implementation"/>
        <Attr Name="UsedIn" Val="simulation"/>
      </FileInfo>
    </File>
    <File Path="$PSRCDIR/sources_1/new/dense_layer2.v">
      <FileInfo SFType="SVerilog">
        <Attr Name="UsedIn" Val="synthesis"/>
        <Attr Name="UsedIn" Val="implementation"/>
        <Attr Name="UsedIn" Val="simulation"/>
      </FileInfo>
    </File>
    <File Path="$PSRCDIR/sources_1/new/select_max.v">
      <FileInfo SFType="SVerilog">
        <Attr Name="UsedIn" Val="synthesis"/>
        <Attr Name="UsedIn" Val="implementation"/>
        <Attr Name="UsedIn" Val="simulation"/>
      </FileInfo>
    </File>
    <File Path="$PSRCDIR/sources_1/new/dense_layer.v">
      <FileInfo SFType="SVerilog">
        <Attr Name="UsedIn" Val="synthesis"/>
        <Attr Name="UsedIn" Val="implementation"/>
        <Attr Name="UsedIn" Val="simulation"/>
      </FileInfo>
    </File>
    <File Path="$PPRDIR/../ip_repo/neural_network/component.xml">
      <FileInfo SFType="IPXACT"/>
    </File>
    <Config>
      <Option Name="DesignMode" Val="RTL"/>
      <Option Name="TopModule" Val="neural_network"/>
    </Config>
  </FileSet>
  <FileSet Name="constrs_in" Type="Constrs" RelSrcDir="$PSRCDIR/constrs_1">
    <Filter Type="Constrs"/>
    <Config>
      <Option Name="ConstrsType" Val="XDC"/>
    </Config>
  </FileSet>
  <FileSet Name="utils" Type="Utils" RelSrcDir="$PSRCDIR/utils_1">
    <Filter Type="Utils"/>
    <Config>
      <Option Name="TopAutoSet" Val="TRUE"/>
    </Config>
  </FileSet>
  <Strategy Version="1" Minor="2">
    <StratHandle Name="Vivado Implementation Defaults" Flow="Vivado Implementation 2018"/>
    <Step Id="init_design"/>
    <Step Id="opt_design"/>
    <Step Id="power_opt_design"/>
    <Step Id="place_design"/>
    <Step Id="post_place_power_opt_design"/>
    <Step Id="phys_opt_design"/>
    <Step Id="route_design"/>
    <Step Id="post_route_phys_opt_design"/>
    <Step Id="write_bitstream"/>
    <Step Id="write_device_image"/>
  </Strategy>
</GenRun>
